,0
0,"Tokyo's charm is probably Disney! We will wrap up with Disneyland in January 2019 and Disney City in December, and I hope you have a lively and wonderful year like Disney City in 2020"
1,"I definitely felt that it was different from the amusement park in Korea! The quality and size are the same. I went there because my girlfriend wanted to go with me, and I'm very satisfied"
2,"The weather was cloudy that day, so it was a little better, but my legs hurt lol. Compared to the rides in Korea, the thrill may be reduced, but the quality is much better lol ^^ Especially, I strongly recommend you to ride Indiana Jones once! (I rode everything except Toy Story and Into the US among fast passes.) Disney was very good because there were not many people and waiting time was not good due to the Corona fire!I feel like I've traveled around the world in Sofarin üòäüòä Disneyland Tokyo is an amusement park located at Tokyo Disney Resort in Urayasu, Chiba Prefecture, Japan"
3,The theme park opened on 4 September 2001
4,"The city of Disney is owned by the Oriental Land Company, which is qualified by Walt Disney"
5,"Really super satisfied, according to the recommendation, I recommend sisters who want to save time doing homework slowly, save time and effort, and take pictures with a very good environment!When we arrived at Disney, there was no age limit, and adults were invincible to change children, hold hands, walk together, play together, eat, drink and play! Play with your soft legs, buy your soft hands and blame my stamina! The compression of the evening is a happy float parade!Disney will stay in Tokyo for two days, so we have to leave more time to come"
6,"You can't miss the ocean, and more other experiences are so great"
7,You have to come
8,"The card may be a little expensive, but it's worth it"
9,"There was a statue of Walt Disney! Since it's hiding near the entrance, hide and look for Walt Disney, too![Scenery] You can play it all day long [Fun] Very good [cost effective] Special recommendation Very good, beautiful, very attractive to children and young people"
10,"It's like you're in a fairytale world, even as you get older"
11,"Visit Tokyo Disney Ocean Park, rich and diverse marine life üêü! It is important to learn more about museums, marine resources, and to protect children's marine life environment more! I know how to pay attention to taking care of the marine environment!It became the best memory of the world's only marine Disney amusement park building a fairy tale world on the coast"
12,It's sad that the 20th anniversary Harbour show is over
13,"It's very big and fun, I like the sea theme of the side better, and I want to go again"
14,Open projects on the edge of Disneyland are relatively interesting
15,Disney performances have been the main theme park for many years
16,"The more characteristic Disneyland, the play project, is very interesting"
17,The current scale is already large in Disney in the U.S. and Europe
18,"[Scenery] Good [Fun] Good [Cost-effective] The first theme park in Asia located near the good Tokyo Bay is very good, tickets are inexpensive and there are gifts"
19,Especially kids
20,Spicy popcorn is very delicious üòã It's a bit of an adult vibe that's different from Land
21,Disney coming to Tokyo has to prepare for two days
22,"You can't miss the sea, it's different from other games, it's a very interesting place, it's very beautiful, it's very nice"
23,Especially throughout the good year there are more people
24,Small items are especially delicate
25,Not everyone can love it
26,Tokyo Ocean Disneyland is very beautiful
27,"Rides are as thrilling as Disney, but they are very good"
28,[Scenery] It's very fun. [Fun] [Cost-effective] The basic projects of the day are all played
29,"Beautiful environment, clean and clean service, thoughtful and meticulous Tokyo Disney's ocean view is beautiful, and heaven is worth visiting!A theme park with a very earthy nature, I want to play again"
30,I want to go to Tokyo Disney Ocean again
31,I had a birthday Disney with my boyfriend! I had a lot of fun at the first beach
32,"Thrill! Good service! Perfect facilities!You have to play it, especially interesting haha"
33,"Tokyo Disney Ocean Park offers a valuable collection of rare wild marine animals and plants from the Marine Biomuseum, and is worth visiting various kinds of underwater worlds"
34,"Tokyo Disney Ocean mainly has water play projects, stress and stimulating indoor jumping machines, and timid people don't dare to play"
35,Tokyo Disney Ocean
36,It's another Disney theme park in Japan
37,The city's jumping machines are thrilling
38,Tokyo Disney Ocean is one of two Disney theme parks in Japan
39,The indoor jumping machine is tense and stimulating
40,Tokyo Disney Ocean
41,It is also mainly water sports
42,The stressful indoor jumping machine is terrible
43,Disney Ocean in Japan
44,It's located next to Disneyland
45,Most award-winning projects
46,The indoor jumping machine is shocking
47,Tokyo Disney Ocean next to Disneyland
48,Theme Ocean Adventure provides visitors with more experience
49,Disney Ocean in Japan
50,the suburbs of Tokyo
51,Most award-winning projects
52,The indoor jumping machine is tense and stimulating
53,Tokyo Disney Ocean
54,Mostly Disney Water Adventure Project
55,The indoor jumping machine is tense and stimulating
56,The only marine Disney amusement park in the world is so beautiful that it's like a fairy tale
57,Everyone's face is filled with a happy smile
58,Tokyo Disney Ocean is mainly based on water play projects
59,The indoor jumping machine is tense and stimulating
60,Tokyo Disney Ocean is the only Disneyland with an ocean theme
61,Tokyo Disney Ocean is a great place in the park
62,It's one of the Disney theme parks
63,The city's jumping machines are tense and exciting
64,Disney Ocean in Japan has many award projects next to Disneyland
65,There are many tourists
66,Tokyo Disney Ocean
67,It's near Disneyland
68,The water play project is interesting
69,The popular Tokyo Disney Ocean is one of the Disney theme parks
70,The indoor jumping machine is tense and stimulating
71,Tokyo Disney Ocean
72,There is hair in the water
73,The indoor jumping machine is tense and stimulating
74,"[Scenery] Good, you can go to [Interesting] [Cost effective] It's okay"
75,It's very positive. It's not bad
76,"[Scenery] Good [Fun] Good [Cost-effective] OK Disneyland is very fun, the sea world is more fun"
77,Fun
78,
79,
80,
81,
82,
83,
84,
85,
86,
87,
88,
89,
90,
91,
92,
93,
94,
95,
96,
97,
98,
99,
100,
101,
102,
103,
104,
105,
106,
107,
108,
109,
110,
111,
112,
113,
114,
115,
116,
117,
118,
119,
120,
121,
122,
123,
124,
125,
126,
127,"Disney in Tokyo can't play enough for a day, find a good hotel nearby and have fun for two days"
128,Ocean Park is next to Disneyland and is mainly based on water projects
129,It's not too interesting
130,Children love it
131,"The Disney Tokyo Ocean Park project is not that interesting, but it is very beautiful and the children are happy"
132,"The environmental landscape here is a great place for people to travel, entertain, and entertain"
133,Tokyo Disney Ocean is a paradise for everyone with beautiful scenery and value!Disney Ocean is more suitable for dating than adults in parks
134,"I was with my friends! It's been about 10 years More suitable for adults than Laughterland, must go, very fun [interesting] Very good [value for money] Tokyo Disney Sea World is very good for couple trips and dates"
135,I hear it's more fun than Disneyland
136,You must play after the opening
137,"The world's unique Disney Ocean Park and its unique mascot, Duffy, are very cute"
138,Thrill Ancient Tower is very popular but worth experiencing
139,"With the previous love story summary, the starry sky is beautiful before it falls without going up and down in a straight line like a regular jump machine"
140,Indiana Jones' Adventures and the Next Door Angry Gods are a more exciting project
141,"Also, don't expect too much of a 20,000-mile risk at the bottom of the popular ocean and a heart adventure on the ground"
142,Use coupons for popular projects first and move to popular projects immediately
143,"Where to punch cards in Tokyo, the night tour lighting show is very good"
144,Understand if it's not bad! Places to see Disney Ocean is perfect for dating and the view is very mirror
145,It's a great place. I like the things inside
146,Understand if it's not bad! It's worth seeing. You can go see a great place together
147,"The facility is a little old, but it's still very awkward"
148,Adults and children are well suited to heaven
149,"An interesting city theme park, people are staying long"
150,"New Year's Day is very nice, there's nothing cold, and it's very fun"
151,the same funny kids
152,I will come during the summer vacation
153,The scenery here is very nice
154,
155,
156,
157,
158,
159,
160,
161,
162,Understand where it's worth seeing!Warm service! Clean and Hygienic! Full of thrills!Sorin is so touching and the best!Tokyo Ocean Disney Theme Park next to Disneyland
163,Mainly water play projects
164,I'll be touched no matter how many times I have fun The world of dreams is the bestDisney Ocean Park in Japan next to Disneyland
165,It is famous for water sports
166,Jumping machines are tense and interesting
167,"Next to Disneyland, Japan Disney Ocean Land is the only marine theme in the world"
168,Disney Ocean Park in Japan is mainly a water play project
169,It's equipped with rides and the jumping machine is impressive
170,Tokyo Disney Ocean next to Disneyland is mainly based on water play projects
171,Many interactive projects Disney water parks in Japan next to Disneyland
172,"There are a lot of water projects, and the jumping machine is impressive"
173,"Disney tickets have now risen to 8,200 yen and reduced operating hours from 10:00 to 19:00"
174,"There's no fancy parade, but there's still a good thing about it at this point"
175,"In other words, there are a few people! Apart from a few popular ones, there's almost no queue and we've finally made a SOARING that we want to sit on"
176,The content of SOARING is where you can travel around the world
177,"In this situation where you are not free, you can swim in the sky for a short time"
178,I feel like crying
179,"I think I saw many characters for the first time! Donald Duck, Daisy, Bruto, Light Giant, Puppet Pinocchio and his father, and even the Arab prince, saw it"
180,I think this mascot will really pick on fans and do fan service
181,"You wave with him, he'll react to you with an 800-fold exaggerated movement"
182,"No wonder they can be world superstars for decades!Tokyo Disney Ocean Sea Shibao Restaurant If you go to Disney Ocean, you have to go to Shibao Restaurant"
183,The location of the restaurant is not easy to find
184,"I'm optimistic about the map! There are two teams at the entrance to the restaurant, one team can eat and watch the show, and one team can't watch the show, so the queue is very fast! However, we highly recommend the team that watches the show! When restaurants are restricted, meals need to be finished within an hour, and performances are usually conducted"
185,"The Birth of Sydney, Mickey Minnie Sydney's Dafi How Do You Know Geratoni! Very good, very good! There are also limited products in the restaurant, and candy cans are great! ! There is a pattern on chocolate beans! When I came to Tokyo Disney Ocean three years later, I didn't disappoint"
186,"We haven't added any new rides in the last three years, and we've given them a chance to shop leisurely"
187,"This time, we choose projects that we haven't tried, such as the Tower of Terror and the Journey to the Center of the Earth"
188,"But it still proposes more popular projects such as the Tower of Terror, the Journey to the Center of Earth, and Indiana Jones"
189,"Take a quick pass, be optimistic about the spacing of the next pass, and ensure more projects are carried out in a limited amount of time"
190,"~ If you can, it's better to download the Tokyo Disney app"
191,You can observe the waiting time of various rides at any time
192,"Showtime is still based on park notices, but major fantasies are still cancelled due to the weather, as Tokyo Disney Ocean thinks it will start another show at a different time because of the show"
193,"To celebrate Tokyo Disney Ocean's 20th anniversary in two years, to celebrate Tokyo Disney's 35th anniversary, I hope you can come back to Tokyo Disney Ocean to feel this warm atmosphere"
194,"Like Disneyland, Disney Ocean Park is very interesting and worth visiting"
195,"The big rides here are generally more interesting than Disneyland, but there are many projects suitable for kindergarten children"
196,Don't miss the Toy Story and the Underwater Thrill
197,"There are also many restaurants that serve various flavors around the world, focusing on fast food"
198,The flower boat show here is also very interesting
199,Tokyo Disney is also a must-see attraction in Tokyo
200,It's divided into Disneyland and Disney Sea
201,"If you like Pat, go to Disneyland"
202,"Play projects on the sea are not as interesting as Universal Studios, but everything is very good"
203,"If you're not on vacation, you don't have to go fast"
204,"Basically, you can play all day long"
205,"Of course, if you look forward to fireworks at night, I'm sorry"
206,Fireworks in the sea are still far apart from the land
207,"Yeah, you don't have to wait until you see the fireworks at night"
208,"Also, the biggest souvenir shop near the door has star movies and international stamps"
209,"If you use it, you can throw it directly into the mailbox next to the store entrance"
210,It's going to be a unique Disney postmark
211,It's better to send it to your friends or letters
212,I went to Shanghai Disneyland and Hong Kong Disneyland from June this year and came to Tokyo Disney Sea in September
213,"Every time I go to Disney, my emotions and emotions are different"
214,It's the 15th anniversary of Disney
215,The facilities and equipment inside do not feel like they have been open for 15 years and everything is well maintained
216,Even passengers who have difficulty communicating still smile and cast members still smile
217,I go to Disney and ask the cast members to take stickers
218,Here Disney is actually going to ask for your name and put on stickers and draw a different pattern
219,It allows me to see other people's minds
220,My favorite Disney movie is Ariel
221,I knew there was a park with Ariel theme
222,I'm very happy
223,I've been singing all day
224,I especially like watching King Triton's concert
225,(I hope the name will be written incorrectly
226,"This show, not having too many parades, when you heard parts of the world ring, I wept on the spot"
227,I also understand why the Japanese love this park so much
228,I'm sorry I didn't take a picture at Disneyland Castle this time
229,It's considered the next appointment
230,The time of day is very limited
231,We chose a unique Disney Ocean Park
232,I had breakfast early in the morning and drove because it was a little far from the city
233,I entered a scenic area and saw a castle-like heaven and a cute cartoon character
234,I changed my mind immediately
235,"There are some of the most popular jumping machines, but they hide the truth by the exterior of the castle building, can't see the terrible lift, and the little heart can't stand great fear and must try a little roller coaster"
236,You can only play more childish and interesting projects
237,4D movies are very good and realistic
238,"The whole Japanese language, a little language barrier, but it doesn't matter if the world of fairy tales can actually understand language"
239,"It can be very high, and the Japanese version of girl sounds very kawaii"
240,"SEA is so much fun! Except for the Toy Story tree, popular projects are opened and all other projects are carried out Say FAST PASS should be used reasonably as it is still in progress on Saturday, so get the second ~ extent of the stimulus quickly"
241,"Disney, after all, but it's especially interesting because each project has a story added"
242,"In particular, the shocking ancient towers from the outdoors into the castle all create a strange atmosphere"
243,"In fact, it is a jumping machine, but in general, jumping machines are not more interesting"
244,"After coming out, I saw Mickey selling at the gift shop"
245,I had a lot of fun
246,~ There were many performances
247,"We didn't track anything, we watched three games"
248,It's very interesting
249,~ You have to play fireworks at night
250,"With Disney's music, the atmosphere is so good! And the hand sanitizer is actually Mickey-shaped"
251,~Game no
252,"1 : Toy Story (American beach), shooting game, the entire process is about 5 minutes, the basic queue is more than 2 hours, the peak season is 4 hours, and the basic FP is completed at 10 o'clock"
253,It is recommended that you bring the first FP of this project
254,Game no
255,"2: Shock Ancient Tower (American Beach), Jump Machine, Real Game Time 2 Minutes, 10 Minutes Story, Toy Story's FP can't get this in the American Beach Area anyway Take two games, one row"
256,Game no
257,"3: Jones Adventures (Lost River Delta), often renovations, didn't open when we went, I was told it was also very interesting"
258,Game no
259,"4 : The Furious Twin Gods (Lost River Delta), 360 degree roller coaster, queue time is usually more than 2 hours, 3 minutes of game time, default noon FP is completed, it recommends US beaches playing projects to take FP in the area; Game NO"
260,"5: Earth's Adventures (Mysterious Island), Roller Coaster in Crater, Game Time 1 min 30 min, 3-4 p.m. FP is generally completed; Game No"
261,"6 : Storm Knight (Discovery Harbor), 4D game, the only game with Chinese subtitles when introducing, but I personally find it very boring"
262,"If you don't get FP, it's better to give up"
263,Game no
264,"7 : 20,000 miles under the sea (mysterious island) I think we can proceed with the project if the queue is not long"
265,The default queue time for the remaining local small projects will not exceed 20 minutes
266,Anyone can pick what they want
267,No performance
268,"1: Fantastic (Mediterranean port), about 20 minutes from 8 p.m., personally the most valuable performance, basically connecting to Disney's various characters, and a very interesting theme story, performance NO"
269,2: We encourage netizens to take their tickets at the Broadway Theater
270,It's better to pick two games in the afternoon
271,There were no tickets on the day we went
272,We have to wait in line for about two hours
273,There are many people waiting at the door
274,Performance NO
275,"3: The Little Mermaid Leaf Lake Theater, a musical, and you can sit in the front and watch it upstairs"
276,I'd feel better if I could understand
277,Performance NO
278,"4: The Shenlang Theater didn't understand the story in the first paragraph, and it felt boring, and the magic of the second half was very interesting"
279,"If you want to meet Disney stars, you have to stand in line"
280,You need to wait in various character APPs
281,"I've been there for the past few years, and I've had a great chance to see it again"
282,I went to Shanghai Disneyland and Hong Kong Disneyland in June this year and came to Tokyo Disney Sea in September
283,"Every time I go to Disney, my emotions and emotions are different"
284,It's the 15th anniversary of Disney
285,The facilities and equipment inside do not feel like they have been open for 15 years and everything is well maintained
286,Even passengers who have difficulty communicating still smile and cast members still smile
287,I go to Disney and ask the cast members to take stickers
288,Here Disney is actually going to ask for your name and put on stickers and draw a different pattern
289,It allows me to see other people's minds
290,My favorite Disney movie is Ariel
291,I knew there was a park with Ariel theme
292,I'm very happy
293,I've been singing all day
294,I especially like watching King Triton's concert
295,(I hope the name will be written incorrectly
296,"This show, not having too many parades, when you heard parts of the world ring, I wept on the spot"
297,I also understand why the Japanese love this park so much
298,I'm sorry I didn't take a picture at Disneyland Castle this time
299,It's considered the next appointment
300,The time of day is very limited
301,We chose a unique Disney Ocean Park
302,
303,
304,
305,
306,
307,
308,
309,
310,
311,
312,
313,
314,
315,
316,
317,
318,
319,
320,
321,
322,
323,
324,
325,
326,
327,
328,
329,
330,
331,
332,
333,
334,
335,
336,
337,
338,
339,
340,
341,
342,
343,
344,
345,
346,
347,
348,
349,
350,
351,
352,
353,
354,
355,
356,
357,
358,
359,
360,
361,
362,
363,
364,
365,
366,
367,
368,
369,
370,
371,
372,
373,
374,
375,
376,
377,
378,
379,
380,
381,
382,
383,
384,
385,
386,
387,
388,
389,
390,
391,
392,
393,
394,
395,
396,
397,
398,
399,
400,
401,
402,
403,
404,
405,
406,
407,
408,
409,
410,
411,
412,
413,
414,
415,
416,
417,
418,
419,
420,
421,
422,
423,
424,
425,
426,
427,
428,
429,
430,
431,
432,
433,
434,
435,
436,
437,
438,
439,
440,
441,
442,
443,
444,
445,
446,
447,
448,
449,
450,
451,
452,
453,
454,
455,
456,
457,
458,
459,
460,
461,
462,
463,
464,
465,
466,
467,
468,
469,
470,
471,
472,
473,
474,
475,
476,
477,
478,
479,
480,
481,
482,
483,
484,
485,
486,
487,
488,
489,
490,
491,
492,
493,
494,
495,
496,
497,
498,
499,
500,
501,
502,
503,
504,
505,
506,
507,
508,
509,
510,
511,
512,
513,
514,
515,
516,
517,
518,
519,
520,
521,
522,
523,
524,
525,
526,
527,
528,
529,
530,
531,
532,
533,
534,
535,
536,
537,
538,
539,
540,
541,
542,
543,
544,
545,
546,
547,
548,
549,
550,
551,
552,
553,
554,
555,
556,
557,
558,
559,
560,
561,
562,
563,
564,
565,
566,
567,
568,
569,
570,
571,
572,
573,
574,
575,
576,
577,
578,
579,
580,
581,
582,
583,
584,
585,
586,
587,
588,
589,
590,
591,
592,
593,
594,
595,
596,
597,
598,
599,
600,
601,
602,
603,
604,
605,
606,
607,
608,
609,
610,
611,
612,
613,
614,
615,
616,
617,
618,
619,
620,
621,
622,
623,
624,
625,
626,
627,
628,
629,
630,
631,
632,
633,
634,
635,
636,
637,
638,
639,
640,
641,
642,
643,
644,
645,
646,
647,
648,
649,
650,
651,
652,
653,
654,
655,
656,
657,
658,
659,
660,
661,
662,
663,
664,
665,
666,
667,
668,
669,
670,
671,
672,
673,
674,
675,
676,
677,
678,
679,
680,
681,
682,
683,
684,
685,
686,
687,
688,
689,
690,
691,
692,
693,
694,
695,
696,
697,
698,
699,
700,
701,
702,
703,
704,
705,
706,
707,
708,
709,
710,
711,
712,
713,
714,
715,
716,
717,
718,
719,
720,
721,
722,
723,
724,
725,
726,
727,
728,
729,
730,
731,
732,
733,
734,
735,
736,
737,
738,
739,
740,
741,
742,
743,
744,
745,
746,
747,
748,
749,
750,
751,
752,
753,
754,
755,
756,
757,
758,
759,
760,
761,
762,
763,
764,
765,
766,
767,
768,
769,
770,
771,
772,
773,
774,
775,
776,
777,
778,
779,
780,
781,
782,
783,
784,
785,
786,
787,
788,
789,
790,
791,
792,
793,
794,
795,
796,
797,
798,
799,
800,
801,
802,
803,
804,
805,
806,
807,
808,
809,
810,
811,
812,
813,
814,
815,
816,
817,
818,
819,
820,
821,
822,
823,
824,
825,
826,
827,
828,
829,
830,
831,
832,
833,
834,
835,
836,
837,
838,
839,
840,
841,
842,
843,
844,
845,
846,
847,
848,
849,
850,
851,
852,
853,
854,
855,
856,
857,
858,
859,
860,
861,
862,
863,
864,
865,
866,
867,
868,
869,
870,
871,
872,
873,
874,
875,
876,
877,
878,
879,
880,
881,
882,
883,
884,
885,
886,
887,
888,
889,
890,
891,
892,
893,
894,
895,
896,
897,
898,
899,
900,
901,
902,
903,
904,
905,
906,
907,
908,
909,
910,
911,
912,
913,
914,
915,
916,
917,
918,
919,
920,
921,
922,
923,
924,
925,
926,
927,
928,
929,
930,
931,
932,
933,
934,
935,
936,
937,
938,
939,
940,
941,
942,
943,
944,
945,
946,
947,
948,
949,
950,
951,
952,
953,
954,
955,
956,
957,
958,
959,
960,
961,
962,
963,
964,
965,
966,
967,
968,
969,
970,
971,
972,
973,
974,
975,
976,
977,
978,
979,
980,
981,
982,
983,
984,
985,
986,
987,
988,
989,
990,
991,
992,
993,
994,
995,
996,
997,
998,
999,
1000,
1001,
1002,
1003,
1004,
1005,
1006,
1007,
1008,
1009,
1010,
1011,
1012,
1013,
1014,
1015,
1016,
1017,
1018,
1019,
1020,
1021,
1022,
1023,
1024,
1025,
1026,
1027,
1028,
1029,
1030,
1031,
1032,
1033,
1034,
1035,
1036,
1037,
1038,
1039,
1040,
1041,
1042,
1043,
1044,
1045,
1046,
1047,
1048,
1049,
1050,
1051,
1052,
1053,
1054,
1055,
1056,
1057,
1058,
1059,
1060,
1061,
1062,
1063,
1064,
1065,
1066,
1067,
1068,
1069,
1070,
1071,
1072,
1073,
1074,
1075,
1076,
1077,
1078,
1079,
1080,
1081,
1082,
1083,
1084,
1085,
1086,
1087,
1088,
1089,
1090,
1091,
1092,
1093,
1094,
1095,
1096,
1097,
1098,
1099,
1100,
1101,
1102,
1103,
1104,
1105,
1106,
1107,
1108,
1109,
1110,
1111,
1112,
1113,
1114,
1115,
1116,
1117,
1118,
1119,
1120,
1121,
1122,
1123,
1124,
1125,
1126,
1127,
1128,
1129,
1130,
1131,
1132,
1133,
1134,
1135,
1136,
1137,
1138,
1139,
1140,
1141,
1142,
1143,
1144,
1145,
1146,
1147,
1148,
1149,
1150,
1151,
1152,
1153,
1154,
1155,
1156,
1157,
1158,
1159,
1160,
1161,
1162,
1163,
1164,
1165,
1166,
1167,
1168,
1169,
1170,
1171,
1172,
1173,
1174,
1175,
1176,
1177,
1178,
1179,
1180,
1181,
1182,
1183,
1184,
1185,
1186,
1187,
1188,
1189,
1190,
1191,
1192,
1193,
1194,
1195,
1196,
1197,
1198,
1199,
1200,
1201,
1202,
1203,
1204,
1205,
1206,
1207,
1208,
1209,
1210,
1211,
1212,
1213,
1214,
1215,
1216,
1217,
1218,
1219,
1220,
1221,
1222,
1223,
1224,
1225,
1226,
1227,
1228,
1229,
1230,
1231,
1232,
1233,
1234,
1235,
1236,
1237,
1238,
1239,
1240,
1241,
1242,
1243,
1244,
1245,
1246,
1247,
1248,
1249,
1250,
1251,
1252,
1253,
1254,
1255,
1256,
1257,
1258,
1259,
1260,
1261,
1262,
1263,
1264,
1265,
1266,
1267,
1268,
1269,
1270,
1271,
1272,
1273,
1274,
1275,
1276,
1277,
1278,
1279,
1280,
1281,
1282,
1283,
1284,
1285,
1286,
1287,
1288,
1289,
1290,
1291,
1292,
1293,
1294,
1295,
1296,
1297,
1298,
1299,
1300,
1301,
1302,
1303,
1304,
1305,
1306,
1307,
1308,
1309,
1310,
1311,
1312,
1313,
1314,
1315,
1316,
1317,
1318,
1319,
1320,
1321,
1322,
1323,
1324,
1325,
1326,
1327,
1328,
1329,
1330,
1331,
1332,
1333,
1334,
1335,
1336,
1337,
1338,
1339,
1340,
1341,
1342,
1343,
1344,
1345,
1346,
1347,
1348,
1349,
1350,
1351,
1352,
1353,
1354,
1355,
1356,
1357,
1358,
1359,
1360,
1361,
1362,
1363,
1364,
1365,
1366,
1367,
1368,
1369,
1370,
1371,
1372,
1373,
1374,
1375,
1376,
1377,
1378,
1379,
1380,
1381,
1382,
1383,
1384,
1385,
1386,
1387,
1388,
1389,
1390,
1391,
1392,
1393,
1394,
1395,
1396,
1397,
1398,
1399,
1400,
1401,
1402,
1403,
1404,
1405,
1406,
1407,
1408,
1409,
1410,
1411,
1412,
1413,
1414,
1415,
1416,
1417,
1418,
1419,
1420,
1421,
1422,
1423,
1424,
1425,
1426,
1427,
1428,
1429,
1430,
1431,
1432,
1433,
1434,
1435,
1436,
1437,
1438,
1439,
1440,
1441,
1442,
1443,
1444,
1445,
1446,
1447,
1448,
1449,
1450,
1451,
1452,
1453,
1454,
1455,
1456,
1457,
1458,
1459,
1460,
1461,
1462,
1463,
1464,
1465,
1466,
1467,
1468,
1469,
1470,
1471,
1472,
1473,
1474,
1475,
1476,
1477,
1478,
1479,
1480,
1481,
1482,
1483,
1484,
1485,
1486,
1487,
1488,
1489,
1490,
1491,
1492,
1493,
1494,
1495,
1496,
1497,
1498,
1499,
1500,
1501,
1502,
1503,
1504,
1505,
1506,
1507,
1508,
1509,
1510,
1511,
1512,
1513,
1514,
1515,
1516,
1517,
1518,
1519,
1520,
1521,
1522,
1523,
1524,
1525,
1526,
1527,
1528,
1529,
1530,
1531,
1532,
1533,
1534,
1535,
1536,
1537,
1538,
1539,
1540,
1541,
1542,
1543,
1544,
1545,
1546,
1547,
1548,
1549,
1550,
1551,
1552,
1553,
1554,
1555,
1556,
1557,
1558,
1559,
1560,
1561,
1562,
1563,
1564,
1565,
1566,
1567,
1568,
1569,
1570,
1571,
1572,
1573,
1574,
1575,
1576,
1577,
1578,
1579,
1580,
1581,
1582,
1583,
1584,
1585,
1586,
1587,
1588,
1589,
1590,
1591,
1592,
1593,
1594,
1595,
1596,
1597,
1598,
1599,
1600,
1601,
1602,
1603,
1604,
1605,
1606,
1607,
1608,
1609,
1610,
1611,
1612,
1613,
1614,
1615,
1616,
1617,
1618,
1619,
1620,
1621,
1622,
1623,
1624,
1625,
1626,
1627,
1628,
1629,
1630,
1631,
1632,
1633,
1634,
1635,
1636,
1637,
1638,
1639,
1640,
1641,
1642,
1643,
1644,
1645,
1646,
1647,
1648,
1649,
1650,
1651,
1652,
1653,
1654,
1655,
1656,
1657,
1658,
1659,
1660,
1661,
1662,
1663,
1664,
1665,
1666,
1667,
1668,
1669,
1670,
1671,
1672,
1673,
1674,
1675,
1676,
1677,
1678,
1679,
1680,
1681,
1682,
1683,
1684,
1685,
1686,
1687,
1688,
1689,
1690,
1691,
1692,
1693,
1694,
1695,
1696,
1697,
1698,
1699,
1700,
1701,
1702,
1703,
1704,
1705,
1706,
1707,
1708,
1709,
1710,
1711,
1712,
1713,
1714,
1715,
1716,
1717,
1718,
1719,
1720,
1721,
1722,
1723,
1724,
1725,
1726,
1727,
1728,
1729,
1730,
1731,
1732,
1733,
1734,
1735,
1736,
1737,
1738,
1739,
1740,
1741,
1742,
1743,
1744,
1745,
1746,
1747,
1748,
1749,
1750,
1751,
1752,
1753,
1754,
1755,
1756,
1757,
1758,
1759,
1760,
1761,
1762,
1763,
1764,
1765,
1766,
1767,
1768,
1769,
1770,
1771,
1772,
1773,
1774,
1775,
1776,
1777,
1778,
1779,
1780,
1781,
1782,
1783,
1784,
1785,
1786,
1787,
1788,
1789,
1790,
1791,
1792,
1793,
1794,
1795,
1796,
1797,
1798,
1799,
1800,
1801,
1802,
1803,
1804,
1805,
1806,
1807,
1808,
1809,
1810,
1811,
1812,
1813,
1814,
1815,
1816,
1817,
1818,
1819,
1820,
1821,
1822,
1823,
1824,
1825,
1826,
1827,
1828,
1829,
1830,
1831,
1832,
1833,
1834,
1835,
1836,
1837,
1838,
1839,
1840,
1841,
1842,
1843,
1844,
1845,
1846,
1847,
1848,
1849,
1850,
1851,
1852,
1853,
1854,
1855,
1856,
1857,
1858,
1859,
1860,
1861,
1862,
1863,
1864,
1865,
1866,
1867,
1868,
1869,
1870,
1871,
1872,
1873,
1874,
1875,
1876,
1877,
1878,
1879,
1880,
1881,
1882,
1883,
1884,
1885,
1886,
1887,
1888,
1889,
1890,
1891,
1892,
1893,
1894,
1895,
1896,
1897,
1898,
1899,
1900,
1901,
1902,
1903,
1904,
1905,
1906,
1907,
1908,
1909,
1910,
1911,
1912,
1913,
1914,
1915,
1916,
1917,
1918,
1919,
1920,
1921,
1922,
1923,
1924,
1925,
1926,
1927,
1928,
1929,
1930,
1931,
1932,
1933,
1934,
